name,length,syllables_est,vowel_ratio,starts_with,ending,endswith_a,endswith_i,endswith_y
Aadhira,7,3,0.571,a,ra,TRUE,FALSE,FALSE
Aadhirai,8,3,0.625,a,i,FALSE,TRUE,FALSE
Aadhiraya,9,4,0.556,a,aya,TRUE,FALSE,FALSE
Aahana,6,3,0.667,a,na,TRUE,FALSE,FALSE
Aahanai,7,3,0.714,a,i,FALSE,TRUE,FALSE
Aahanaya,8,4,0.625,a,aya,TRUE,FALSE,FALSE
Aalaya,6,3,0.667,a,aya,TRUE,FALSE,FALSE
Aalayai,7,3,0.714,a,i,FALSE,TRUE,FALSE
Aaradhya,8,3,0.5,a,ya,TRUE,FALSE,FALSE
Aaradhyai,9,3,0.556,a,i,FALSE,TRUE,FALSE
Aaravi,6,3,0.667,a,i,FALSE,TRUE,FALSE
Aaravia,7,3,0.714,a,a,TRUE,FALSE,FALSE
Aaraviya,8,4,0.625,a,iya,TRUE,FALSE,FALSE
Aarushi,7,3,0.571,a,shi,FALSE,TRUE,FALSE
Aarushia,8,3,0.625,a,a,TRUE,FALSE,FALSE
Aarushiya,9,4,0.556,a,iya,TRUE,FALSE,FALSE
Aastha,6,2,0.5,a,a,TRUE,FALSE,FALSE
Aasthai,7,2,0.571,a,i,FALSE,TRUE,FALSE
Aasthaya,8,3,0.5,a,aya,TRUE,FALSE,FALSE
Aditi,5,3,0.6,a,ti,FALSE,TRUE,FALSE
Aditia,6,3,0.667,a,a,TRUE,FALSE,FALSE
Aditiya,7,4,0.571,a,iya,TRUE,FALSE,FALSE
Aishani,7,3,0.571,a,ani,FALSE,TRUE,FALSE
Aishania,8,3,0.625,a,a,TRUE,FALSE,FALSE
Aishaniya,9,4,0.556,a,iya,TRUE,FALSE,FALSE
Aishwarya,9,3,0.444,a,ya,TRUE,FALSE,FALSE
Aishwaryai,10,3,0.5,a,i,FALSE,TRUE,FALSE
Akanksha,8,3,0.375,a,a,TRUE,FALSE,FALSE
Akankshai,9,3,0.444,a,i,FALSE,TRUE,FALSE
Akankshaya,10,4,0.4,a,aya,TRUE,FALSE,FALSE
Alaya,5,3,0.6,a,aya,TRUE,FALSE,FALSE
Alayai,6,3,0.667,a,i,FALSE,TRUE,FALSE
Amala,5,3,0.6,a,la,TRUE,FALSE,FALSE
Amalai,6,3,0.667,a,i,FALSE,TRUE,FALSE
Amalaya,7,4,0.571,a,aya,TRUE,FALSE,FALSE
Amaya,5,3,0.6,a,aya,TRUE,FALSE,FALSE
Amayai,6,3,0.667,a,i,FALSE,TRUE,FALSE
Ambika,6,3,0.5,a,ika,TRUE,FALSE,FALSE
Ambikai,7,3,0.571,a,i,FALSE,TRUE,FALSE
Ambikaya,8,4,0.5,a,aya,TRUE,FALSE,FALSE
Ananya,6,3,0.5,a,ya,TRUE,FALSE,FALSE
Ananyai,7,3,0.571,a,i,FALSE,TRUE,FALSE
Anika,5,3,0.6,a,ika,TRUE,FALSE,FALSE
Anikai,6,3,0.667,a,i,FALSE,TRUE,FALSE
Anikaya,7,4,0.571,a,aya,TRUE,FALSE,FALSE
Anila,5,3,0.6,a,la,TRUE,FALSE,FALSE
Anilai,6,3,0.667,a,i,FALSE,TRUE,FALSE
Anilaya,7,4,0.571,a,aya,TRUE,FALSE,FALSE
Anisha,6,3,0.5,a,a,TRUE,FALSE,FALSE
Anishai,7,3,0.571,a,i,FALSE,TRUE,FALSE
Anishaya,8,4,0.5,a,aya,TRUE,FALSE,FALSE
Anjali,6,3,0.5,a,i,FALSE,TRUE,FALSE
Anjalia,7,3,0.571,a,a,TRUE,FALSE,FALSE
Anjaliya,8,4,0.5,a,iya,TRUE,FALSE,FALSE
Anju,4,2,0.5,a,u,FALSE,FALSE,FALSE
Anjua,5,2,0.6,a,a,TRUE,FALSE,FALSE
Anjui,5,2,0.6,a,i,FALSE,TRUE,FALSE
Anjuya,6,3,0.5,a,ya,TRUE,FALSE,FALSE
Anki,4,2,0.5,a,i,FALSE,TRUE,FALSE
Anmi,4,2,0.5,a,mi,FALSE,TRUE,FALSE
Anna,4,2,0.5,a,na,TRUE,FALSE,FALSE
Anri,4,2,0.5,a,ri,FALSE,TRUE,FALSE
Ansa,4,2,0.5,a,sa,TRUE,FALSE,FALSE
Anta,4,2,0.5,a,ta,TRUE,FALSE,FALSE
Anushka,7,3,0.429,a,ka,TRUE,FALSE,FALSE
Anushkai,8,3,0.5,a,i,FALSE,TRUE,FALSE
Anushkaya,9,4,0.444,a,aya,TRUE,FALSE,FALSE
Anvi,4,2,0.5,a,i,FALSE,TRUE,FALSE
Anvia,5,2,0.6,a,a,TRUE,FALSE,FALSE
Anviya,6,3,0.5,a,iya,TRUE,FALSE,FALSE
Anya,4,2,0.5,a,ya,TRUE,FALSE,FALSE
Aparna,6,3,0.5,a,na,TRUE,FALSE,FALSE
Aparnai,7,3,0.571,a,i,FALSE,TRUE,FALSE
Aparnaya,8,4,0.5,a,aya,TRUE,FALSE,FALSE
Aradhya,7,3,0.429,a,ya,TRUE,FALSE,FALSE
Aradhyai,8,3,0.5,a,i,FALSE,TRUE,FALSE
Asha,4,2,0.5,a,a,TRUE,FALSE,FALSE
Ashai,5,2,0.6,a,i,FALSE,TRUE,FALSE
Ashaya,6,3,0.5,a,aya,TRUE,FALSE,FALSE
Ashima,6,3,0.5,a,ma,TRUE,FALSE,FALSE
Ashimai,7,3,0.571,a,i,FALSE,TRUE,FALSE
Ashimaya,8,4,0.5,a,aya,TRUE,FALSE,FALSE
Ashita,6,3,0.5,a,ita,TRUE,FALSE,FALSE
Ashitai,7,3,0.571,a,i,FALSE,TRUE,FALSE
Ashitaya,8,4,0.5,a,aya,TRUE,FALSE,FALSE
Ashna,5,2,0.4,a,na,TRUE,FALSE,FALSE
Ashnai,6,2,0.5,a,i,FALSE,TRUE,FALSE
Ashnaya,7,3,0.429,a,aya,TRUE,FALSE,FALSE
Asmita,6,3,0.5,a,ita,TRUE,FALSE,FALSE
Asmitai,7,3,0.571,a,i,FALSE,TRUE,FALSE
Asmitaya,8,4,0.5,a,aya,TRUE,FALSE,FALSE
Avani,5,3,0.6,a,ani,FALSE,TRUE,FALSE
Avania,6,3,0.667,a,a,TRUE,FALSE,FALSE
Avaniya,7,4,0.571,a,iya,TRUE,FALSE,FALSE
Avantika,8,4,0.5,a,ika,TRUE,FALSE,FALSE
Avantikai,9,4,0.556,a,i,FALSE,TRUE,FALSE
Avantikaya,10,5,0.5,a,aya,TRUE,FALSE,FALSE
Ayesha,6,3,0.5,a,a,TRUE,FALSE,FALSE
Ayeshai,7,3,0.571,a,i,FALSE,TRUE,FALSE
Ayeshaya,8,4,0.5,a,aya,TRUE,FALSE,FALSE
Ayushi,6,3,0.5,a,shi,FALSE,TRUE,FALSE
Ayushia,7,3,0.571,a,a,TRUE,FALSE,FALSE
Ayushiya,8,4,0.5,a,iya,TRUE,FALSE,FALSE
Bani,4,2,0.5,b,ani,FALSE,TRUE,FALSE
Bania,5,2,0.6,b,a,TRUE,FALSE,FALSE
Baniya,6,3,0.5,b,iya,TRUE,FALSE,FALSE
Bhavana,7,3,0.429,bh,na,TRUE,FALSE,FALSE
Bhavanai,8,3,0.5,bh,i,FALSE,TRUE,FALSE
Bhavanaya,9,4,0.444,bh,aya,TRUE,FALSE,FALSE
Bhuvana,7,3,0.429,bh,na,TRUE,FALSE,FALSE
Bhuvanai,8,3,0.5,bh,i,FALSE,TRUE,FALSE
Bhuvanaya,9,4,0.444,bh,aya,TRUE,FALSE,FALSE
Bidya,5,2,0.4,b,ya,TRUE,FALSE,FALSE
Bidyai,6,2,0.5,b,i,FALSE,TRUE,FALSE
Brinda,6,2,0.333,b,a,TRUE,FALSE,FALSE
Brindai,7,2,0.429,b,i,FALSE,TRUE,FALSE
Brindaya,8,3,0.375,b,aya,TRUE,FALSE,FALSE
Chaitra,7,2,0.429,ch,tra,TRUE,FALSE,FALSE
Chaitrai,8,2,0.5,ch,i,FALSE,TRUE,FALSE
Chaitraya,9,3,0.444,ch,aya,TRUE,FALSE,FALSE
Chandni,7,2,0.286,ch,ni,FALSE,TRUE,FALSE
Chandnia,8,2,0.375,ch,a,TRUE,FALSE,FALSE
Chandniya,9,3,0.333,ch,iya,TRUE,FALSE,FALSE
Charu,5,2,0.4,ch,u,FALSE,FALSE,FALSE
Charua,6,2,0.5,ch,a,TRUE,FALSE,FALSE
Charui,6,2,0.5,ch,i,FALSE,TRUE,FALSE
Charuya,7,3,0.429,ch,ya,TRUE,FALSE,FALSE
Charvi,6,2,0.333,ch,i,FALSE,TRUE,FALSE
Charvia,7,2,0.429,ch,a,TRUE,FALSE,FALSE
Charviya,8,3,0.375,ch,iya,TRUE,FALSE,FALSE
Chetna,6,2,0.333,ch,na,TRUE,FALSE,FALSE
Chetnai,7,2,0.429,ch,i,FALSE,TRUE,FALSE
Chetnaya,8,3,0.375,ch,aya,TRUE,FALSE,FALSE
Chitra,6,2,0.333,ch,tra,TRUE,FALSE,FALSE
Chitrai,7,2,0.429,ch,i,FALSE,TRUE,FALSE
Chitraya,8,3,0.375,ch,aya,TRUE,FALSE,FALSE
Daksha,6,2,0.333,d,a,TRUE,FALSE,FALSE
Dakshai,7,2,0.429,d,i,FALSE,TRUE,FALSE
Dakshaya,8,3,0.375,d,aya,TRUE,FALSE,FALSE
Damini,6,3,0.5,d,ini,FALSE,TRUE,FALSE
Daminia,7,3,0.571,d,a,TRUE,FALSE,FALSE
Daminiya,8,4,0.5,d,iya,TRUE,FALSE,FALSE
Darsha,6,2,0.333,d,a,TRUE,FALSE,FALSE
Darshai,7,2,0.429,d,i,FALSE,TRUE,FALSE
Darshaya,8,3,0.375,d,aya,TRUE,FALSE,FALSE
Dayita,6,3,0.5,d,ita,TRUE,FALSE,FALSE
Dayitai,7,3,0.571,d,i,FALSE,TRUE,FALSE
Dayitaya,8,4,0.5,d,aya,TRUE,FALSE,FALSE
Deepa,5,2,0.6,d,a,TRUE,FALSE,FALSE
Deepai,6,2,0.667,d,i,FALSE,TRUE,FALSE
Deepaya,7,3,0.571,d,aya,TRUE,FALSE,FALSE
Deepika,7,3,0.571,d,ika,TRUE,FALSE,FALSE
Deepikai,8,3,0.625,d,i,FALSE,TRUE,FALSE
Deepikaya,9,4,0.556,d,aya,TRUE,FALSE,FALSE
Devina,6,3,0.5,d,na,TRUE,FALSE,FALSE
Devinai,7,3,0.571,d,i,FALSE,TRUE,FALSE
Devinaya,8,4,0.5,d,aya,TRUE,FALSE,FALSE
Dhara,5,2,0.4,dh,ra,TRUE,FALSE,FALSE
Dharai,6,2,0.5,dh,i,FALSE,TRUE,FALSE
Dharaya,7,3,0.429,dh,aya,TRUE,FALSE,FALSE
Dhriti,6,2,0.333,dh,ti,FALSE,TRUE,FALSE
Dhritia,7,2,0.429,dh,a,TRUE,FALSE,FALSE
Dhritiya,8,3,0.375,dh,iya,TRUE,FALSE,FALSE
Diki,4,2,0.5,d,i,FALSE,TRUE,FALSE
Dimi,4,2,0.5,d,mi,FALSE,TRUE,FALSE
Dina,4,2,0.5,d,na,TRUE,FALSE,FALSE
Dipa,4,2,0.5,d,a,TRUE,FALSE,FALSE
Dipai,5,2,0.6,d,i,FALSE,TRUE,FALSE
Dipaya,6,3,0.5,d,aya,TRUE,FALSE,FALSE
Diri,4,2,0.5,d,ri,FALSE,TRUE,FALSE
Disa,4,2,0.5,d,sa,TRUE,FALSE,FALSE
Dita,4,2,0.5,d,ita,TRUE,FALSE,FALSE
Divi,4,2,0.5,d,i,FALSE,TRUE,FALSE
Divya,5,2,0.4,d,ya,TRUE,FALSE,FALSE
Divyai,6,2,0.5,d,i,FALSE,TRUE,FALSE
Diya,4,2,0.5,d,iya,TRUE,FALSE,FALSE
Diyai,5,2,0.6,d,i,FALSE,TRUE,FALSE
Eesha,5,2,0.6,e,a,TRUE,FALSE,FALSE
Eeshai,6,2,0.667,e,i,FALSE,TRUE,FALSE
Eeshaya,7,3,0.571,e,aya,TRUE,FALSE,FALSE
Eshana,6,3,0.5,e,na,TRUE,FALSE,FALSE
Eshanai,7,3,0.571,e,i,FALSE,TRUE,FALSE
Eshanaya,8,4,0.5,e,aya,TRUE,FALSE,FALSE
Ganga,5,2,0.4,g,a,TRUE,FALSE,FALSE
Gangai,6,2,0.5,g,i,FALSE,TRUE,FALSE
Gangaya,7,3,0.429,g,aya,TRUE,FALSE,FALSE
Gargi,5,2,0.4,g,i,FALSE,TRUE,FALSE
Gargia,6,2,0.5,g,a,TRUE,FALSE,FALSE
Gargiya,7,3,0.429,g,iya,TRUE,FALSE,FALSE
Gauri,5,2,0.6,g,ri,FALSE,TRUE,FALSE
Gauria,6,2,0.667,g,a,TRUE,FALSE,FALSE
Gauriya,7,3,0.571,g,iya,TRUE,FALSE,FALSE
Gayatri,7,3,0.429,g,tri,FALSE,TRUE,FALSE
Gayatria,8,3,0.5,g,a,TRUE,FALSE,FALSE
Gayatriya,9,4,0.444,g,iya,TRUE,FALSE,FALSE
Geeta,5,2,0.6,g,ta,TRUE,FALSE,FALSE
Geetai,6,2,0.667,g,i,FALSE,TRUE,FALSE
Geetaya,7,3,0.571,g,aya,TRUE,FALSE,FALSE
Gita,4,2,0.5,g,ita,TRUE,FALSE,FALSE
Gitai,5,2,0.6,g,i,FALSE,TRUE,FALSE
Gitaya,6,3,0.5,g,aya,TRUE,FALSE,FALSE
Gitika,6,3,0.5,g,ika,TRUE,FALSE,FALSE
Gitikai,7,3,0.571,g,i,FALSE,TRUE,FALSE
Gitikaya,8,4,0.5,g,aya,TRUE,FALSE,FALSE
Gomati,6,3,0.5,g,ti,FALSE,TRUE,FALSE
Gomatia,7,3,0.571,g,a,TRUE,FALSE,FALSE
Gomatiya,8,4,0.5,g,iya,TRUE,FALSE,FALSE
Hamsa,5,2,0.4,h,sa,TRUE,FALSE,FALSE
Hamsai,6,2,0.5,h,i,FALSE,TRUE,FALSE
Hamsaya,7,3,0.429,h,aya,TRUE,FALSE,FALSE
Hema,4,2,0.5,h,ma,TRUE,FALSE,FALSE
Hemai,5,2,0.6,h,i,FALSE,TRUE,FALSE
Hemangi,7,3,0.429,h,i,FALSE,TRUE,FALSE
Hemangia,8,3,0.5,h,a,TRUE,FALSE,FALSE
Hemangiya,9,4,0.444,h,iya,TRUE,FALSE,FALSE
Hemaya,6,3,0.5,h,aya,TRUE,FALSE,FALSE
Hetal,5,2,0.4,h,l,FALSE,FALSE,FALSE
Hetala,6,3,0.5,h,la,TRUE,FALSE,FALSE
Hetali,6,3,0.5,h,i,FALSE,TRUE,FALSE
Hetalya,7,3,0.429,h,ya,TRUE,FALSE,FALSE
Hiral,5,2,0.4,h,l,FALSE,FALSE,FALSE
Hirala,6,3,0.5,h,la,TRUE,FALSE,FALSE
Hirali,6,3,0.5,h,i,FALSE,TRUE,FALSE
Hiralya,7,3,0.429,h,ya,TRUE,FALSE,FALSE
Hridaya,7,3,0.429,h,aya,TRUE,FALSE,FALSE
Hridayai,8,3,0.5,h,i,FALSE,TRUE,FALSE
Ila,3,2,0.667,i,la,TRUE,FALSE,FALSE
Ilai,4,2,0.75,i,i,FALSE,TRUE,FALSE
Ilaya,5,3,0.6,i,aya,TRUE,FALSE,FALSE
Indira,6,3,0.5,i,ra,TRUE,FALSE,FALSE
Indirai,7,3,0.571,i,i,FALSE,TRUE,FALSE
Indiraya,8,4,0.5,i,aya,TRUE,FALSE,FALSE
Isha,4,2,0.5,i,a,TRUE,FALSE,FALSE
Ishai,5,2,0.6,i,i,FALSE,TRUE,FALSE
Ishani,6,3,0.5,i,ani,FALSE,TRUE,FALSE
Ishania,7,3,0.571,i,a,TRUE,FALSE,FALSE
Ishaniya,8,4,0.5,i,iya,TRUE,FALSE,FALSE
Ishaya,6,3,0.5,i,aya,TRUE,FALSE,FALSE
Ishita,6,3,0.5,i,ita,TRUE,FALSE,FALSE
Ishitai,7,3,0.571,i,i,FALSE,TRUE,FALSE
Ishitaya,8,4,0.5,i,aya,TRUE,FALSE,FALSE
Ishwari,7,3,0.429,i,ri,FALSE,TRUE,FALSE
Ishwaria,8,3,0.5,i,a,TRUE,FALSE,FALSE
Ishwariya,9,4,0.444,i,iya,TRUE,FALSE,FALSE
Jagruti,7,3,0.429,j,ti,FALSE,TRUE,FALSE
Jagrutia,8,3,0.5,j,a,TRUE,FALSE,FALSE
Jagrutiya,9,4,0.444,j,iya,TRUE,FALSE,FALSE
Janani,6,3,0.5,j,ani,FALSE,TRUE,FALSE
Janania,7,3,0.571,j,a,TRUE,FALSE,FALSE
Jananiya,8,4,0.5,j,iya,TRUE,FALSE,FALSE
Jaya,4,2,0.5,j,aya,TRUE,FALSE,FALSE
Jayai,5,2,0.6,j,i,FALSE,TRUE,FALSE
Jigyasa,7,3,0.429,j,sa,TRUE,FALSE,FALSE
Jigyasai,8,3,0.5,j,i,FALSE,TRUE,FALSE
Jigyasaya,9,4,0.444,j,aya,TRUE,FALSE,FALSE
Jisha,5,2,0.4,j,a,TRUE,FALSE,FALSE
Jishai,6,2,0.5,j,i,FALSE,TRUE,FALSE
Jishaya,7,3,0.429,j,aya,TRUE,FALSE,FALSE
Jivika,6,3,0.5,j,ika,TRUE,FALSE,FALSE
Jivikai,7,3,0.571,j,i,FALSE,TRUE,FALSE
Jivikaya,8,4,0.5,j,aya,TRUE,FALSE,FALSE
Juhi,4,2,0.5,j,i,FALSE,TRUE,FALSE
Juhia,5,2,0.6,j,a,TRUE,FALSE,FALSE
Juhiya,6,3,0.5,j,iya,TRUE,FALSE,FALSE
Jyoti,5,2,0.4,j,ti,FALSE,TRUE,FALSE
Jyotia,6,2,0.5,j,a,TRUE,FALSE,FALSE
Jyotiya,7,3,0.429,j,iya,TRUE,FALSE,FALSE
Kaamini,7,3,0.571,k,ini,FALSE,TRUE,FALSE
Kaaminia,8,3,0.625,k,a,TRUE,FALSE,FALSE
Kaaminiya,9,4,0.556,k,iya,TRUE,FALSE,FALSE
Kaashvi,7,2,0.429,k,i,FALSE,TRUE,FALSE
Kaashvia,8,2,0.5,k,a,TRUE,FALSE,FALSE
Kaashviya,9,3,0.444,k,iya,TRUE,FALSE,FALSE
Kairavi,7,3,0.571,k,i,FALSE,TRUE,FALSE
Kairavia,8,3,0.625,k,a,TRUE,FALSE,FALSE
Kairaviya,9,4,0.556,k,iya,TRUE,FALSE,FALSE
Kajal,5,2,0.4,k,l,FALSE,FALSE,FALSE
Kajala,6,3,0.5,k,la,TRUE,FALSE,FALSE
Kajali,6,3,0.5,k,i,FALSE,TRUE,FALSE
Kajalya,7,3,0.429,k,ya,TRUE,FALSE,FALSE
Kaki,4,2,0.5,k,i,FALSE,TRUE,FALSE
Kala,4,2,0.5,k,la,TRUE,FALSE,FALSE
Kalai,5,2,0.6,k,i,FALSE,TRUE,FALSE
Kalaya,6,3,0.5,k,aya,TRUE,FALSE,FALSE
Kalika,6,3,0.5,k,ika,TRUE,FALSE,FALSE
Kalikai,7,3,0.571,k,i,FALSE,TRUE,FALSE
Kalikaya,8,4,0.5,k,aya,TRUE,FALSE,FALSE
Kalpana,7,3,0.429,k,na,TRUE,FALSE,FALSE
Kalpanai,8,3,0.5,k,i,FALSE,TRUE,FALSE
Kalpanaya,9,4,0.444,k,aya,TRUE,FALSE,FALSE
Kalyani,7,3,0.429,k,ani,FALSE,TRUE,FALSE
Kalyania,8,3,0.5,k,a,TRUE,FALSE,FALSE
Kalyaniya,9,4,0.444,k,iya,TRUE,FALSE,FALSE
Kamala,6,3,0.5,k,la,TRUE,FALSE,FALSE
Kamalai,7,3,0.571,k,i,FALSE,TRUE,FALSE
Kamalaya,8,4,0.5,k,aya,TRUE,FALSE,FALSE
Kami,4,2,0.5,k,mi,FALSE,TRUE,FALSE
Kamini,6,3,0.5,k,ini,FALSE,TRUE,FALSE
Kaminia,7,3,0.571,k,a,TRUE,FALSE,FALSE
Kaminiya,8,4,0.5,k,iya,TRUE,FALSE,FALSE
Kana,4,2,0.5,k,na,TRUE,FALSE,FALSE
Kanchan,7,2,0.286,k,n,FALSE,FALSE,FALSE
Kanchana,8,3,0.375,k,na,TRUE,FALSE,FALSE
Kanchanai,9,3,0.444,k,i,FALSE,TRUE,FALSE
Kanchanaya,10,4,0.4,k,aya,TRUE,FALSE,FALSE
Kanchani,8,3,0.375,k,ani,FALSE,TRUE,FALSE
Kanchanya,9,3,0.333,k,ya,TRUE,FALSE,FALSE
Kanishka,8,3,0.375,k,ka,TRUE,FALSE,FALSE
Kanishkai,9,3,0.444,k,i,FALSE,TRUE,FALSE
Kanishkaya,10,4,0.4,k,aya,TRUE,FALSE,FALSE
Kanya,5,2,0.4,k,ya,TRUE,FALSE,FALSE
Kanyai,6,2,0.5,k,i,FALSE,TRUE,FALSE
Kara,4,2,0.5,k,ra,TRUE,FALSE,FALSE
Karai,5,2,0.6,k,i,FALSE,TRUE,FALSE
Karaya,6,3,0.5,k,aya,TRUE,FALSE,FALSE
Kari,4,2,0.5,k,ri,FALSE,TRUE,FALSE
Karishma,8,3,0.375,k,ma,TRUE,FALSE,FALSE
Karishmai,9,3,0.444,k,i,FALSE,TRUE,FALSE
Karishmaya,10,4,0.4,k,aya,TRUE,FALSE,FALSE
Karuna,6,3,0.5,k,na,TRUE,FALSE,FALSE
Karunai,7,3,0.571,k,i,FALSE,TRUE,FALSE
Karunaya,8,4,0.5,k,aya,TRUE,FALSE,FALSE
Kasa,4,2,0.5,k,sa,TRUE,FALSE,FALSE
Kashish,7,2,0.286,k,h,FALSE,FALSE,FALSE
Kashisha,8,3,0.375,k,a,TRUE,FALSE,FALSE
Kashishi,8,3,0.375,k,shi,FALSE,TRUE,FALSE
Kashishya,9,3,0.333,k,ya,TRUE,FALSE,FALSE
Kasturi,7,3,0.429,k,ri,FALSE,TRUE,FALSE
Kasturia,8,3,0.5,k,a,TRUE,FALSE,FALSE
Kasturiya,9,4,0.444,k,iya,TRUE,FALSE,FALSE
Kata,4,2,0.5,k,ta,TRUE,FALSE,FALSE
Kaveri,6,3,0.5,k,ri,FALSE,TRUE,FALSE
Kaveria,7,3,0.571,k,a,TRUE,FALSE,FALSE
Kaveriya,8,4,0.5,k,iya,TRUE,FALSE,FALSE
Kavi,4,2,0.5,k,i,FALSE,TRUE,FALSE
Kavita,6,3,0.5,k,ita,TRUE,FALSE,FALSE
Kavitai,7,3,0.571,k,i,FALSE,TRUE,FALSE
Kavitaya,8,4,0.5,k,aya,TRUE,FALSE,FALSE
Kavya,5,2,0.4,k,ya,TRUE,FALSE,FALSE
Kavyai,6,2,0.5,k,i,FALSE,TRUE,FALSE
Kaya,4,2,0.5,k,aya,TRUE,FALSE,FALSE
Kesar,5,2,0.4,k,r,FALSE,FALSE,FALSE
Kesara,6,3,0.5,k,ra,TRUE,FALSE,FALSE
Kesari,6,3,0.5,k,ri,FALSE,TRUE,FALSE
Kesarya,7,3,0.429,k,ya,TRUE,FALSE,FALSE
Khyati,6,2,0.333,kh,ti,FALSE,TRUE,FALSE
Khyatia,7,2,0.429,kh,a,TRUE,FALSE,FALSE
Khyatiya,8,3,0.375,kh,iya,TRUE,FALSE,FALSE
Kiki,4,2,0.5,k,i,FALSE,TRUE,FALSE
Kimi,4,2,0.5,k,mi,FALSE,TRUE,FALSE
Kina,4,2,0.5,k,na,TRUE,FALSE,FALSE
Kiran,5,2,0.4,k,n,FALSE,FALSE,FALSE
Kirana,6,3,0.5,k,na,TRUE,FALSE,FALSE
Kirani,6,3,0.5,k,ani,FALSE,TRUE,FALSE
Kiranya,7,3,0.429,k,ya,TRUE,FALSE,FALSE
Kiri,4,2,0.5,k,ri,FALSE,TRUE,FALSE
Kirti,5,2,0.4,k,ti,FALSE,TRUE,FALSE
Kirtia,6,2,0.5,k,a,TRUE,FALSE,FALSE
Kirtiya,7,3,0.429,k,iya,TRUE,FALSE,FALSE
Kisa,4,2,0.5,k,sa,TRUE,FALSE,FALSE
Kita,4,2,0.5,k,ita,TRUE,FALSE,FALSE
Kivi,4,2,0.5,k,i,FALSE,TRUE,FALSE
Kiya,4,2,0.5,k,iya,TRUE,FALSE,FALSE
Komal,5,2,0.4,k,l,FALSE,FALSE,FALSE
Komala,6,3,0.5,k,la,TRUE,FALSE,FALSE
Komali,6,3,0.5,k,i,FALSE,TRUE,FALSE
Komalya,7,3,0.429,k,ya,TRUE,FALSE,FALSE
Kripa,5,2,0.4,kr,a,TRUE,FALSE,FALSE
Kripai,6,2,0.5,kr,i,FALSE,TRUE,FALSE
Kripaya,7,3,0.429,kr,aya,TRUE,FALSE,FALSE
Krisha,6,2,0.333,kr,a,TRUE,FALSE,FALSE
Krishai,7,2,0.429,kr,i,FALSE,TRUE,FALSE
Krishaya,8,3,0.375,kr,aya,TRUE,FALSE,FALSE
Kriti,5,2,0.4,kr,ti,FALSE,TRUE,FALSE
Kritia,6,2,0.5,kr,a,TRUE,FALSE,FALSE
Kritika,7,3,0.429,kr,ika,TRUE,FALSE,FALSE
Kritikai,8,3,0.5,kr,i,FALSE,TRUE,FALSE
Kritikaya,9,4,0.444,kr,aya,TRUE,FALSE,FALSE
Kritiya,7,3,0.429,kr,iya,TRUE,FALSE,FALSE
Kruti,5,2,0.4,kr,ti,FALSE,TRUE,FALSE
Krutia,6,2,0.5,kr,a,TRUE,FALSE,FALSE
Krutiya,7,3,0.429,kr,iya,TRUE,FALSE,FALSE
Kuki,4,2,0.5,k,i,FALSE,TRUE,FALSE
Kumari,6,3,0.5,k,ri,FALSE,TRUE,FALSE
Kumaria,7,3,0.571,k,a,TRUE,FALSE,FALSE
Kumariya,8,4,0.5,k,iya,TRUE,FALSE,FALSE
Kumi,4,2,0.5,k,mi,FALSE,TRUE,FALSE
Kuna,4,2,0.5,k,na,TRUE,FALSE,FALSE
Kuri,4,2,0.5,k,ri,FALSE,TRUE,FALSE
Kusa,4,2,0.5,k,sa,TRUE,FALSE,FALSE
Kushi,5,2,0.4,k,shi,FALSE,TRUE,FALSE
Kushia,6,2,0.5,k,a,TRUE,FALSE,FALSE
Kushiya,7,3,0.429,k,iya,TRUE,FALSE,FALSE
Kusum,5,2,0.4,k,m,FALSE,FALSE,FALSE
Kusuma,6,3,0.5,k,ma,TRUE,FALSE,FALSE
Kusumi,6,3,0.5,k,mi,FALSE,TRUE,FALSE
Kusumya,7,3,0.429,k,ya,TRUE,FALSE,FALSE
Kuta,4,2,0.5,k,ta,TRUE,FALSE,FALSE
Kuvi,4,2,0.5,k,i,FALSE,TRUE,FALSE
Kuya,4,2,0.5,k,ya,TRUE,FALSE,FALSE
Laki,4,2,0.5,l,i,FALSE,TRUE,FALSE
Lakshmi,7,2,0.286,l,mi,FALSE,TRUE,FALSE
Lakshmia,8,2,0.375,l,a,TRUE,FALSE,FALSE
Lakshmiya,9,3,0.333,l,iya,TRUE,FALSE,FALSE
Lalita,6,3,0.5,l,ita,TRUE,FALSE,FALSE
Lalitai,7,3,0.571,l,i,FALSE,TRUE,FALSE
Lalitaya,8,4,0.5,l,aya,TRUE,FALSE,FALSE
Lami,4,2,0.5,l,mi,FALSE,TRUE,FALSE
Lana,4,2,0.5,l,na,TRUE,FALSE,FALSE
Lari,4,2,0.5,l,ri,FALSE,TRUE,FALSE
Lasa,4,2,0.5,l,sa,TRUE,FALSE,FALSE
Lata,4,2,0.5,l,ta,TRUE,FALSE,FALSE
Lavi,4,2,0.5,l,i,FALSE,TRUE,FALSE
Laya,4,2,0.5,l,aya,TRUE,FALSE,FALSE
Leela,5,2,0.6,l,la,TRUE,FALSE,FALSE
Leelai,6,2,0.667,l,i,FALSE,TRUE,FALSE
Leelaya,7,3,0.571,l,aya,TRUE,FALSE,FALSE
Lekha,5,2,0.4,l,a,TRUE,FALSE,FALSE
Lekhai,6,2,0.5,l,i,FALSE,TRUE,FALSE
Lekhaya,7,3,0.429,l,aya,TRUE,FALSE,FALSE
Lila,4,2,0.5,l,la,TRUE,FALSE,FALSE
Lilai,5,2,0.6,l,i,FALSE,TRUE,FALSE
Lilaya,6,3,0.5,l,aya,TRUE,FALSE,FALSE
Lopa,4,2,0.5,l,a,TRUE,FALSE,FALSE
Lopai,5,2,0.6,l,i,FALSE,TRUE,FALSE
Lopaya,6,3,0.5,l,aya,TRUE,FALSE,FALSE
Maanvi,6,2,0.5,m,i,FALSE,TRUE,FALSE
Maanvia,7,2,0.571,m,a,TRUE,FALSE,FALSE
Maanviya,8,3,0.5,m,iya,TRUE,FALSE,FALSE
Madhavi,7,3,0.429,m,i,FALSE,TRUE,FALSE
Madhavia,8,3,0.5,m,a,TRUE,FALSE,FALSE
Madhaviya,9,4,0.444,m,iya,TRUE,FALSE,FALSE
Madhuri,7,3,0.429,m,ri,FALSE,TRUE,FALSE
Madhuria,8,3,0.5,m,a,TRUE,FALSE,FALSE
Madhuriya,9,4,0.444,m,iya,TRUE,FALSE,FALSE
Mahi,4,2,0.5,m,i,FALSE,TRUE,FALSE
Mahia,5,2,0.6,m,a,TRUE,FALSE,FALSE
Mahika,6,3,0.5,m,ika,TRUE,FALSE,FALSE
Mahikai,7,3,0.571,m,i,FALSE,TRUE,FALSE
Mahikaya,8,4,0.5,m,aya,TRUE,FALSE,FALSE
Mahima,6,3,0.5,m,ma,TRUE,FALSE,FALSE
Mahimai,7,3,0.571,m,i,FALSE,TRUE,FALSE
Mahimaya,8,4,0.5,m,aya,TRUE,FALSE,FALSE
Mahira,6,3,0.5,m,ra,TRUE,FALSE,FALSE
Mahirai,7,3,0.571,m,i,FALSE,TRUE,FALSE
Mahiraya,8,4,0.5,m,aya,TRUE,FALSE,FALSE
Mahiya,6,3,0.5,m,iya,TRUE,FALSE,FALSE
Maki,4,2,0.5,m,i,FALSE,TRUE,FALSE
Mala,4,2,0.5,m,la,TRUE,FALSE,FALSE
Malai,5,2,0.6,m,i,FALSE,TRUE,FALSE
Malati,6,3,0.5,m,ti,FALSE,TRUE,FALSE
Malatia,7,3,0.571,m,a,TRUE,FALSE,FALSE
Malatiya,8,4,0.5,m,iya,TRUE,FALSE,FALSE
Malaya,6,3,0.5,m,aya,TRUE,FALSE,FALSE
Malini,6,3,0.5,m,ini,FALSE,TRUE,FALSE
Malinia,7,3,0.571,m,a,TRUE,FALSE,FALSE
Maliniya,8,4,0.5,m,iya,TRUE,FALSE,FALSE
Mami,4,2,0.5,m,mi,FALSE,TRUE,FALSE
Mana,4,2,0.5,m,na,TRUE,FALSE,FALSE
Mandira,7,3,0.429,m,ra,TRUE,FALSE,FALSE
Mandirai,8,3,0.5,m,i,FALSE,TRUE,FALSE
Mandiraya,9,4,0.444,m,aya,TRUE,FALSE,FALSE
Manisha,7,3,0.429,m,a,TRUE,FALSE,FALSE
Manishai,8,3,0.5,m,i,FALSE,TRUE,FALSE
Manishaya,9,4,0.444,m,aya,TRUE,FALSE,FALSE
Manjari,7,3,0.429,m,ri,FALSE,TRUE,FALSE
Manjaria,8,3,0.5,m,a,TRUE,FALSE,FALSE
Manjariya,9,4,0.444,m,iya,TRUE,FALSE,FALSE
Mansi,5,2,0.4,m,i,FALSE,TRUE,FALSE
Mansia,6,2,0.5,m,a,TRUE,FALSE,FALSE
Mansiya,7,3,0.429,m,iya,TRUE,FALSE,FALSE
Manvi,5,2,0.4,m,i,FALSE,TRUE,FALSE
Manvia,6,2,0.5,m,a,TRUE,FALSE,FALSE
Manviya,7,3,0.429,m,iya,TRUE,FALSE,FALSE
Mari,4,2,0.5,m,ri,FALSE,TRUE,FALSE
Masa,4,2,0.5,m,sa,TRUE,FALSE,FALSE
Mata,4,2,0.5,m,ta,TRUE,FALSE,FALSE
Mavi,4,2,0.5,m,i,FALSE,TRUE,FALSE
Maya,4,2,0.5,m,aya,TRUE,FALSE,FALSE
Medha,5,2,0.4,m,a,TRUE,FALSE,FALSE
Medhai,6,2,0.5,m,i,FALSE,TRUE,FALSE
Medhaya,7,3,0.429,m,aya,TRUE,FALSE,FALSE
Meera,5,2,0.6,m,ra,TRUE,FALSE,FALSE
Meerai,6,2,0.667,m,i,FALSE,TRUE,FALSE
Meeraya,7,3,0.571,m,aya,TRUE,FALSE,FALSE
Meghana,7,3,0.429,m,na,TRUE,FALSE,FALSE
Meghanai,8,3,0.5,m,i,FALSE,TRUE,FALSE
Meghanaya,9,4,0.444,m,aya,TRUE,FALSE,FALSE
Meghna,6,2,0.333,m,na,TRUE,FALSE,FALSE
Meghnai,7,2,0.429,m,i,FALSE,TRUE,FALSE
Meghnaya,8,3,0.375,m,aya,TRUE,FALSE,FALSE
Mishita,7,3,0.429,m,ita,TRUE,FALSE,FALSE
Mishitai,8,3,0.5,m,i,FALSE,TRUE,FALSE
Mishitaya,9,4,0.444,m,aya,TRUE,FALSE,FALSE
Mishka,6,2,0.333,m,ka,TRUE,FALSE,FALSE
Mishkai,7,2,0.429,m,i,FALSE,TRUE,FALSE
Mishkaya,8,3,0.375,m,aya,TRUE,FALSE,FALSE
Mohini,6,3,0.5,m,ini,FALSE,TRUE,FALSE
Mohinia,7,3,0.571,m,a,TRUE,FALSE,FALSE
Mohiniya,8,4,0.5,m,iya,TRUE,FALSE,FALSE
Mridula,7,3,0.429,m,la,TRUE,FALSE,FALSE
Mridulai,8,3,0.5,m,i,FALSE,TRUE,FALSE
Mridulaya,9,4,0.444,m,aya,TRUE,FALSE,FALSE
Mukta,5,2,0.4,m,ta,TRUE,FALSE,FALSE
Muktai,6,2,0.5,m,i,FALSE,TRUE,FALSE
Muktaya,7,3,0.429,m,aya,TRUE,FALSE,FALSE
Myna,4,1,0.25,m,na,TRUE,FALSE,FALSE
Mynai,5,1,0.4,m,i,FALSE,TRUE,FALSE
Mynaya,6,2,0.333,m,aya,TRUE,FALSE,FALSE
Myra,4,1,0.25,m,ra,TRUE,FALSE,FALSE
Myrai,5,1,0.4,m,i,FALSE,TRUE,FALSE
Myraya,6,2,0.333,m,aya,TRUE,FALSE,FALSE
Naina,5,2,0.6,n,na,TRUE,FALSE,FALSE
Nainai,6,2,0.667,n,i,FALSE,TRUE,FALSE
Nainaya,7,3,0.571,n,aya,TRUE,FALSE,FALSE
Nalini,6,3,0.5,n,ini,FALSE,TRUE,FALSE
Nalinia,7,3,0.571,n,a,TRUE,FALSE,FALSE
Naliniya,8,4,0.5,n,iya,TRUE,FALSE,FALSE
Namrata,7,3,0.429,n,ta,TRUE,FALSE,FALSE
Namratai,8,3,0.5,n,i,FALSE,TRUE,FALSE
Namrataya,9,4,0.444,n,aya,TRUE,FALSE,FALSE
Nandika,7,3,0.429,n,ika,TRUE,FALSE,FALSE
Nandikai,8,3,0.5,n,i,FALSE,TRUE,FALSE
Nandikaya,9,4,0.444,n,aya,TRUE,FALSE,FALSE
Nandini,7,3,0.429,n,ini,FALSE,TRUE,FALSE
Nandinia,8,3,0.5,n,a,TRUE,FALSE,FALSE
Nandiniya,9,4,0.444,n,iya,TRUE,FALSE,FALSE
Nandita,7,3,0.429,n,ita,TRUE,FALSE,FALSE
Nanditai,8,3,0.5,n,i,FALSE,TRUE,FALSE
Nanditaya,9,4,0.444,n,aya,TRUE,FALSE,FALSE
Narmada,7,3,0.429,n,a,TRUE,FALSE,FALSE
Narmadai,8,3,0.5,n,i,FALSE,TRUE,FALSE
Narmadaya,9,4,0.444,n,aya,TRUE,FALSE,FALSE
Navya,5,2,0.4,n,ya,TRUE,FALSE,FALSE
Navyai,6,2,0.5,n,i,FALSE,TRUE,FALSE
Neela,5,2,0.6,n,la,TRUE,FALSE,FALSE
Neelai,6,2,0.667,n,i,FALSE,TRUE,FALSE
Neelam,6,2,0.5,n,m,FALSE,FALSE,FALSE
Neelama,7,3,0.571,n,ma,TRUE,FALSE,FALSE
Neelami,7,3,0.571,n,mi,FALSE,TRUE,FALSE
Neelamya,8,3,0.5,n,ya,TRUE,FALSE,FALSE
Neelaya,7,3,0.571,n,aya,TRUE,FALSE,FALSE
Neha,4,2,0.5,n,a,TRUE,FALSE,FALSE
Nehai,5,2,0.6,n,i,FALSE,TRUE,FALSE
Nehaya,6,3,0.5,n,aya,TRUE,FALSE,FALSE
Niharika,8,4,0.5,n,ika,TRUE,FALSE,FALSE
Niharikai,9,4,0.556,n,i,FALSE,TRUE,FALSE
Niharikaya,10,5,0.5,n,aya,TRUE,FALSE,FALSE
Niki,4,2,0.5,n,i,FALSE,TRUE,FALSE
Nila,4,2,0.5,n,la,TRUE,FALSE,FALSE
Nilai,5,2,0.6,n,i,FALSE,TRUE,FALSE
Nilaya,6,3,0.5,n,aya,TRUE,FALSE,FALSE
Nimi,4,2,0.5,n,mi,FALSE,TRUE,FALSE
Nimisha,7,3,0.429,n,a,TRUE,FALSE,FALSE
Nimishai,8,3,0.5,n,i,FALSE,TRUE,FALSE
Nimishaya,9,4,0.444,n,aya,TRUE,FALSE,FALSE
Nina,4,2,0.5,n,na,TRUE,FALSE,FALSE
Niri,4,2,0.5,n,ri,FALSE,TRUE,FALSE
Niru,4,2,0.5,n,u,FALSE,FALSE,FALSE
Nirua,5,2,0.6,n,a,TRUE,FALSE,FALSE
Nirui,5,2,0.6,n,i,FALSE,TRUE,FALSE
Niruya,6,3,0.5,n,ya,TRUE,FALSE,FALSE
Nisa,4,2,0.5,n,sa,TRUE,FALSE,FALSE
Nisha,5,2,0.4,n,a,TRUE,FALSE,FALSE
Nishai,6,2,0.5,n,i,FALSE,TRUE,FALSE
Nishaya,7,3,0.429,n,aya,TRUE,FALSE,FALSE
Nishita,7,3,0.429,n,ita,TRUE,FALSE,FALSE
Nishitai,8,3,0.5,n,i,FALSE,TRUE,FALSE
Nishitaya,9,4,0.444,n,aya,TRUE,FALSE,FALSE
Nita,4,2,0.5,n,ita,TRUE,FALSE,FALSE
Nitya,5,2,0.4,n,ya,TRUE,FALSE,FALSE
Nityai,6,2,0.5,n,i,FALSE,TRUE,FALSE
Nivedita,8,4,0.5,n,ita,TRUE,FALSE,FALSE
Niveditai,9,4,0.556,n,i,FALSE,TRUE,FALSE
Niveditaya,10,5,0.5,n,aya,TRUE,FALSE,FALSE
Nivi,4,2,0.5,n,i,FALSE,TRUE,FALSE
Niya,4,2,0.5,n,iya,TRUE,FALSE,FALSE
Niyati,6,3,0.5,n,ti,FALSE,TRUE,FALSE
Niyatia,7,3,0.571,n,a,TRUE,FALSE,FALSE
Niyatiya,8,4,0.5,n,iya,TRUE,FALSE,FALSE
Noor,4,1,0.5,n,r,FALSE,FALSE,FALSE
Noora,5,2,0.6,n,ra,TRUE,FALSE,FALSE
Noori,5,2,0.6,n,ri,FALSE,TRUE,FALSE
Noorya,6,2,0.5,n,ya,TRUE,FALSE,FALSE
Nysa,4,1,0.25,n,sa,TRUE,FALSE,FALSE
Nysai,5,1,0.4,n,i,FALSE,TRUE,FALSE
Nysaya,6,2,0.333,n,aya,TRUE,FALSE,FALSE
Ojasvi,6,3,0.5,o,i,FALSE,TRUE,FALSE
Ojasvia,7,3,0.571,o,a,TRUE,FALSE,FALSE
Ojasviya,8,4,0.5,o,iya,TRUE,FALSE,FALSE
Oorja,5,2,0.6,o,a,TRUE,FALSE,FALSE
Oorjai,6,2,0.667,o,i,FALSE,TRUE,FALSE
Oorjaya,7,3,0.571,o,aya,TRUE,FALSE,FALSE
Padma,5,2,0.4,p,ma,TRUE,FALSE,FALSE
Padmai,6,2,0.5,p,i,FALSE,TRUE,FALSE
Padmavati,9,4,0.444,p,ti,FALSE,TRUE,FALSE
Padmavatia,10,4,0.5,p,a,TRUE,FALSE,FALSE
Padmaya,7,3,0.429,p,aya,TRUE,FALSE,FALSE
Padmini,7,3,0.429,p,ini,FALSE,TRUE,FALSE
Padminia,8,3,0.5,p,a,TRUE,FALSE,FALSE
Padminiya,9,4,0.444,p,iya,TRUE,FALSE,FALSE
Pakhi,5,2,0.4,p,i,FALSE,TRUE,FALSE
Pakhia,6,2,0.5,p,a,TRUE,FALSE,FALSE
Pakhiya,7,3,0.429,p,iya,TRUE,FALSE,FALSE
Paki,4,2,0.5,p,i,FALSE,TRUE,FALSE
Pallavi,7,3,0.429,p,i,FALSE,TRUE,FALSE
Pallavia,8,3,0.5,p,a,TRUE,FALSE,FALSE
Pallaviya,9,4,0.444,p,iya,TRUE,FALSE,FALSE
Pami,4,2,0.5,p,mi,FALSE,TRUE,FALSE
Pana,4,2,0.5,p,na,TRUE,FALSE,FALSE
Pari,4,2,0.5,p,ri,FALSE,TRUE,FALSE
Parul,5,2,0.4,p,l,FALSE,FALSE,FALSE
Parula,6,3,0.5,p,la,TRUE,FALSE,FALSE
Paruli,6,3,0.5,p,i,FALSE,TRUE,FALSE
Parulya,7,3,0.429,p,ya,TRUE,FALSE,FALSE
Parvati,7,3,0.429,p,ti,FALSE,TRUE,FALSE
Parvatia,8,3,0.5,p,a,TRUE,FALSE,FALSE
Parvatiya,9,4,0.444,p,iya,TRUE,FALSE,FALSE
Pasa,4,2,0.5,p,sa,TRUE,FALSE,FALSE
Pata,4,2,0.5,p,ta,TRUE,FALSE,FALSE
Pavi,4,2,0.5,p,i,FALSE,TRUE,FALSE
Pavitra,7,3,0.429,p,tra,TRUE,FALSE,FALSE
Pavitrai,8,3,0.5,p,i,FALSE,TRUE,FALSE
Pavitraya,9,4,0.444,p,aya,TRUE,FALSE,FALSE
Paya,4,2,0.5,p,aya,TRUE,FALSE,FALSE
Pooja,5,2,0.6,p,a,TRUE,FALSE,FALSE
Poojai,6,2,0.667,p,i,FALSE,TRUE,FALSE
Poojaya,7,3,0.571,p,aya,TRUE,FALSE,FALSE
Prabha,6,2,0.333,pr,a,TRUE,FALSE,FALSE
Prabhai,7,2,0.429,pr,i,FALSE,TRUE,FALSE
Prabhaya,8,3,0.375,pr,aya,TRUE,FALSE,FALSE
Prachi,6,2,0.333,pr,i,FALSE,TRUE,FALSE
Prachia,7,2,0.429,pr,a,TRUE,FALSE,FALSE
Prachiya,8,3,0.375,pr,iya,TRUE,FALSE,FALSE
Pragya,6,2,0.333,pr,ya,TRUE,FALSE,FALSE
Pragyai,7,2,0.429,pr,i,FALSE,TRUE,FALSE
Pranavi,7,3,0.429,pr,i,FALSE,TRUE,FALSE
Pranavia,8,3,0.5,pr,a,TRUE,FALSE,FALSE
Pranaviya,9,4,0.444,pr,iya,TRUE,FALSE,FALSE
Preeti,6,2,0.5,pr,ti,FALSE,TRUE,FALSE
Preetia,7,2,0.571,pr,a,TRUE,FALSE,FALSE
Preetiya,8,3,0.5,pr,iya,TRUE,FALSE,FALSE
Prerna,6,2,0.333,pr,na,TRUE,FALSE,FALSE
Prernai,7,2,0.429,pr,i,FALSE,TRUE,FALSE
Prernaya,8,3,0.375,pr,aya,TRUE,FALSE,FALSE
Priya,5,2,0.4,pr,iya,TRUE,FALSE,FALSE
Priyai,6,2,0.5,pr,i,FALSE,TRUE,FALSE
Priyanka,8,3,0.375,pr,ka,TRUE,FALSE,FALSE
Priyankai,9,3,0.444,pr,i,FALSE,TRUE,FALSE
Priyankaya,10,4,0.4,pr,aya,TRUE,FALSE,FALSE
Prki,4,1,0.25,pr,i,FALSE,TRUE,FALSE
Prmi,4,1,0.25,pr,mi,FALSE,TRUE,FALSE
Prna,4,1,0.25,pr,na,TRUE,FALSE,FALSE
Prri,4,1,0.25,pr,ri,FALSE,TRUE,FALSE
Prsa,4,1,0.25,pr,sa,TRUE,FALSE,FALSE
Prta,4,1,0.25,pr,ta,TRUE,FALSE,FALSE
Prvi,4,1,0.25,pr,i,FALSE,TRUE,FALSE
Prya,4,1,0.25,pr,ya,TRUE,FALSE,FALSE
Purnima,7,3,0.429,p,ma,TRUE,FALSE,FALSE
Purnimai,8,3,0.5,p,i,FALSE,TRUE,FALSE
Purnimaya,9,4,0.444,p,aya,TRUE,FALSE,FALSE
Purvi,5,2,0.4,p,i,FALSE,TRUE,FALSE
Purvia,6,2,0.5,p,a,TRUE,FALSE,FALSE
Purviya,7,3,0.429,p,iya,TRUE,FALSE,FALSE
Rachana,7,3,0.429,r,na,TRUE,FALSE,FALSE
Rachanai,8,3,0.5,r,i,FALSE,TRUE,FALSE
Rachanaya,9,4,0.444,r,aya,TRUE,FALSE,FALSE
Radha,5,2,0.4,r,a,TRUE,FALSE,FALSE
Radhai,6,2,0.5,r,i,FALSE,TRUE,FALSE
Radhaya,7,3,0.429,r,aya,TRUE,FALSE,FALSE
Ragini,6,3,0.5,r,ini,FALSE,TRUE,FALSE
Raginia,7,3,0.571,r,a,TRUE,FALSE,FALSE
Raginiya,8,4,0.5,r,iya,TRUE,FALSE,FALSE
Raina,5,2,0.6,r,na,TRUE,FALSE,FALSE
Rainai,6,2,0.667,r,i,FALSE,TRUE,FALSE
Rainaya,7,3,0.571,r,aya,TRUE,FALSE,FALSE
Rajani,6,3,0.5,r,ani,FALSE,TRUE,FALSE
Rajania,7,3,0.571,r,a,TRUE,FALSE,FALSE
Rajaniya,8,4,0.5,r,iya,TRUE,FALSE,FALSE
Rajeswari,9,4,0.444,r,ri,FALSE,TRUE,FALSE
Rajeswaria,10,4,0.5,r,a,TRUE,FALSE,FALSE
Rajshri,7,2,0.286,r,ri,FALSE,TRUE,FALSE
Rajshria,8,2,0.375,r,a,TRUE,FALSE,FALSE
Rajshriya,9,3,0.333,r,iya,TRUE,FALSE,FALSE
Raki,4,2,0.5,r,i,FALSE,TRUE,FALSE
Raksha,6,2,0.333,r,a,TRUE,FALSE,FALSE
Rakshai,7,2,0.429,r,i,FALSE,TRUE,FALSE
Rakshaya,8,3,0.375,r,aya,TRUE,FALSE,FALSE
Rama,4,2,0.5,r,ma,TRUE,FALSE,FALSE
Ramai,5,2,0.6,r,i,FALSE,TRUE,FALSE
Ramaya,6,3,0.5,r,aya,TRUE,FALSE,FALSE
Rami,4,2,0.5,r,mi,FALSE,TRUE,FALSE
Rana,4,2,0.5,r,na,TRUE,FALSE,FALSE
Rani,4,2,0.5,r,ani,FALSE,TRUE,FALSE
Rania,5,2,0.6,r,a,TRUE,FALSE,FALSE
Raniya,6,3,0.5,r,iya,TRUE,FALSE,FALSE
Ranjana,7,3,0.429,r,na,TRUE,FALSE,FALSE
Ranjanai,8,3,0.5,r,i,FALSE,TRUE,FALSE
Ranjanaya,9,4,0.444,r,aya,TRUE,FALSE,FALSE
Rari,4,2,0.5,r,ri,FALSE,TRUE,FALSE
Rasa,4,2,0.5,r,sa,TRUE,FALSE,FALSE
Rashi,5,2,0.4,r,shi,FALSE,TRUE,FALSE
Rashia,6,2,0.5,r,a,TRUE,FALSE,FALSE
Rashiya,7,3,0.429,r,iya,TRUE,FALSE,FALSE
Rashmi,6,2,0.333,r,mi,FALSE,TRUE,FALSE
Rashmia,7,2,0.429,r,a,TRUE,FALSE,FALSE
Rashmiya,8,3,0.375,r,iya,TRUE,FALSE,FALSE
Rasi,4,2,0.5,r,i,FALSE,TRUE,FALSE
Rasia,5,2,0.6,r,a,TRUE,FALSE,FALSE
Rasiya,6,3,0.5,r,iya,TRUE,FALSE,FALSE
Rata,4,2,0.5,r,ta,TRUE,FALSE,FALSE
Ratna,5,2,0.4,r,na,TRUE,FALSE,FALSE
Ratnai,6,2,0.5,r,i,FALSE,TRUE,FALSE
Ratnaya,7,3,0.429,r,aya,TRUE,FALSE,FALSE
Ravi,4,2,0.5,r,i,FALSE,TRUE,FALSE
Raya,4,2,0.5,r,aya,TRUE,FALSE,FALSE
Rekha,5,2,0.4,r,a,TRUE,FALSE,FALSE
Rekhai,6,2,0.5,r,i,FALSE,TRUE,FALSE
Rekhaya,7,3,0.429,r,aya,TRUE,FALSE,FALSE
Renuka,6,3,0.5,r,ka,TRUE,FALSE,FALSE
Renukai,7,3,0.571,r,i,FALSE,TRUE,FALSE
Renukaya,8,4,0.5,r,aya,TRUE,FALSE,FALSE
Rhea,4,1,0.5,r,a,TRUE,FALSE,FALSE
Rheai,5,1,0.6,r,i,FALSE,TRUE,FALSE
Rheaya,6,2,0.5,r,aya,TRUE,FALSE,FALSE
Riddhi,6,2,0.333,r,i,FALSE,TRUE,FALSE
Riddhia,7,2,0.429,r,a,TRUE,FALSE,FALSE
Riddhiya,8,3,0.375,r,iya,TRUE,FALSE,FALSE
Riki,4,2,0.5,r,i,FALSE,TRUE,FALSE
Rimi,4,2,0.5,r,mi,FALSE,TRUE,FALSE
Rimjhim,7,2,0.286,r,m,FALSE,FALSE,FALSE
Rimjhima,8,3,0.375,r,ma,TRUE,FALSE,FALSE
Rimjhimi,8,3,0.375,r,mi,FALSE,TRUE,FALSE
Rimjhimya,9,3,0.333,r,ya,TRUE,FALSE,FALSE
Rina,4,2,0.5,r,na,TRUE,FALSE,FALSE
Rinai,5,2,0.6,r,i,FALSE,TRUE,FALSE
Rinaya,6,3,0.5,r,aya,TRUE,FALSE,FALSE
Riri,4,2,0.5,r,ri,FALSE,TRUE,FALSE
Risa,4,2,0.5,r,sa,TRUE,FALSE,FALSE
Rita,4,2,0.5,r,ita,TRUE,FALSE,FALSE
Ritai,5,2,0.6,r,i,FALSE,TRUE,FALSE
Ritaya,6,3,0.5,r,aya,TRUE,FALSE,FALSE
Ritika,6,3,0.5,r,ika,TRUE,FALSE,FALSE
Ritikai,7,3,0.571,r,i,FALSE,TRUE,FALSE
Ritikaya,8,4,0.5,r,aya,TRUE,FALSE,FALSE
Ritisha,7,3,0.429,r,a,TRUE,FALSE,FALSE
Ritishai,8,3,0.5,r,i,FALSE,TRUE,FALSE
Ritishaya,9,4,0.444,r,aya,TRUE,FALSE,FALSE
Rivi,4,2,0.5,r,i,FALSE,TRUE,FALSE
Riya,4,2,0.5,r,iya,TRUE,FALSE,FALSE
Rohini,6,3,0.5,r,ini,FALSE,TRUE,FALSE
Rohinia,7,3,0.571,r,a,TRUE,FALSE,FALSE
Rohiniya,8,4,0.5,r,iya,TRUE,FALSE,FALSE
Roshani,7,3,0.429,r,ani,FALSE,TRUE,FALSE
Roshania,8,3,0.5,r,a,TRUE,FALSE,FALSE
Roshaniya,9,4,0.444,r,iya,TRUE,FALSE,FALSE
Roshika,7,3,0.429,r,ika,TRUE,FALSE,FALSE
Roshikai,8,3,0.5,r,i,FALSE,TRUE,FALSE
Roshikaya,9,4,0.444,r,aya,TRUE,FALSE,FALSE
Roshni,6,2,0.333,r,ni,FALSE,TRUE,FALSE
Roshnia,7,2,0.429,r,a,TRUE,FALSE,FALSE
Roshniya,8,3,0.375,r,iya,TRUE,FALSE,FALSE
Ruchi,5,2,0.4,r,i,FALSE,TRUE,FALSE
Ruchia,6,2,0.5,r,a,TRUE,FALSE,FALSE
Ruchiya,7,3,0.429,r,iya,TRUE,FALSE,FALSE
Ruhi,4,2,0.5,r,i,FALSE,TRUE,FALSE
Ruhia,5,2,0.6,r,a,TRUE,FALSE,FALSE
Ruhiya,6,3,0.5,r,iya,TRUE,FALSE,FALSE
Rupa,4,2,0.5,r,a,TRUE,FALSE,FALSE
Rupai,5,2,0.6,r,i,FALSE,TRUE,FALSE
Rupali,6,3,0.5,r,i,FALSE,TRUE,FALSE
Rupalia,7,3,0.571,r,a,TRUE,FALSE,FALSE
Rupaliya,8,4,0.5,r,iya,TRUE,FALSE,FALSE
Rupaya,6,3,0.5,r,aya,TRUE,FALSE,FALSE
Rupika,6,3,0.5,r,ika,TRUE,FALSE,FALSE
Rupikai,7,3,0.571,r,i,FALSE,TRUE,FALSE
Rupikaya,8,4,0.5,r,aya,TRUE,FALSE,FALSE
Sagarika,8,4,0.5,s,ika,TRUE,FALSE,FALSE
Sagarikai,9,4,0.556,s,i,FALSE,TRUE,FALSE
Sagarikaya,10,5,0.5,s,aya,TRUE,FALSE,FALSE
Saheli,6,3,0.5,s,i,FALSE,TRUE,FALSE
Sahelia,7,3,0.571,s,a,TRUE,FALSE,FALSE
Saheliya,8,4,0.5,s,iya,TRUE,FALSE,FALSE
Sahitya,7,3,0.429,s,ya,TRUE,FALSE,FALSE
Sahityai,8,3,0.5,s,i,FALSE,TRUE,FALSE
Sajni,5,2,0.4,s,ni,FALSE,TRUE,FALSE
Sajnia,6,2,0.5,s,a,TRUE,FALSE,FALSE
Sajniya,7,3,0.429,s,iya,TRUE,FALSE,FALSE
Saki,4,2,0.5,s,i,FALSE,TRUE,FALSE
Sakshi,6,2,0.333,s,shi,FALSE,TRUE,FALSE
Sakshia,7,2,0.429,s,a,TRUE,FALSE,FALSE
Sakshiya,8,3,0.375,s,iya,TRUE,FALSE,FALSE
Saloni,6,3,0.5,s,ni,FALSE,TRUE,FALSE
Salonia,7,3,0.571,s,a,TRUE,FALSE,FALSE
Saloniya,8,4,0.5,s,iya,TRUE,FALSE,FALSE
Samhita,7,3,0.429,s,ita,TRUE,FALSE,FALSE
Samhitai,8,3,0.5,s,i,FALSE,TRUE,FALSE
Samhitaya,9,4,0.444,s,aya,TRUE,FALSE,FALSE
Sami,4,2,0.5,s,mi,FALSE,TRUE,FALSE
Samira,6,3,0.5,s,ra,TRUE,FALSE,FALSE
Samirai,7,3,0.571,s,i,FALSE,TRUE,FALSE
Samiraya,8,4,0.5,s,aya,TRUE,FALSE,FALSE
Sana,4,2,0.5,s,na,TRUE,FALSE,FALSE
Sandhya,7,2,0.286,s,ya,TRUE,FALSE,FALSE
Sandhyai,8,2,0.375,s,i,FALSE,TRUE,FALSE
Saniya,6,3,0.5,s,iya,TRUE,FALSE,FALSE
Saniyai,7,3,0.571,s,i,FALSE,TRUE,FALSE
Sanjana,7,3,0.429,s,na,TRUE,FALSE,FALSE
Sanjanai,8,3,0.5,s,i,FALSE,TRUE,FALSE
Sanjanaya,9,4,0.444,s,aya,TRUE,FALSE,FALSE
Sarala,6,3,0.5,s,la,TRUE,FALSE,FALSE
Saralai,7,3,0.571,s,i,FALSE,TRUE,FALSE
Saralaya,8,4,0.5,s,aya,TRUE,FALSE,FALSE
Sarangi,7,3,0.429,s,i,FALSE,TRUE,FALSE
Sarangia,8,3,0.5,s,a,TRUE,FALSE,FALSE
Sarangiya,9,4,0.444,s,iya,TRUE,FALSE,FALSE
Saraswati,9,4,0.444,s,ti,FALSE,TRUE,FALSE
Saraswatia,10,4,0.5,s,a,TRUE,FALSE,FALSE
Sarayu,6,3,0.5,s,u,FALSE,FALSE,FALSE
Sarayua,7,3,0.571,s,a,TRUE,FALSE,FALSE
Sarayui,7,3,0.571,s,i,FALSE,TRUE,FALSE
Sarayuya,8,4,0.5,s,ya,TRUE,FALSE,FALSE
Sari,4,2,0.5,s,ri,FALSE,TRUE,FALSE
Sarika,6,3,0.5,s,ika,TRUE,FALSE,FALSE
Sarikai,7,3,0.571,s,i,FALSE,TRUE,FALSE
Sarikaya,8,4,0.5,s,aya,TRUE,FALSE,FALSE
Sarita,6,3,0.5,s,ita,TRUE,FALSE,FALSE
Saritai,7,3,0.571,s,i,FALSE,TRUE,FALSE
Saritaya,8,4,0.5,s,aya,TRUE,FALSE,FALSE
Sasa,4,2,0.5,s,sa,TRUE,FALSE,FALSE
Sata,4,2,0.5,s,ta,TRUE,FALSE,FALSE
Savi,4,2,0.5,s,i,FALSE,TRUE,FALSE
Savita,6,3,0.5,s,ita,TRUE,FALSE,FALSE
Savitai,7,3,0.571,s,i,FALSE,TRUE,FALSE
Savitaya,8,4,0.5,s,aya,TRUE,FALSE,FALSE
Saya,4,2,0.5,s,aya,TRUE,FALSE,FALSE
Seema,5,2,0.6,s,ma,TRUE,FALSE,FALSE
Seemai,6,2,0.667,s,i,FALSE,TRUE,FALSE
Seemaya,7,3,0.571,s,aya,TRUE,FALSE,FALSE
Seeta,5,2,0.6,s,ta,TRUE,FALSE,FALSE
Seetai,6,2,0.667,s,i,FALSE,TRUE,FALSE
Seetaya,7,3,0.571,s,aya,TRUE,FALSE,FALSE
Shachi,6,2,0.333,sh,i,FALSE,TRUE,FALSE
Shachia,7,2,0.429,sh,a,TRUE,FALSE,FALSE
Shachiya,8,3,0.375,sh,iya,TRUE,FALSE,FALSE
Shaila,6,2,0.5,sh,la,TRUE,FALSE,FALSE
Shailai,7,2,0.571,sh,i,FALSE,TRUE,FALSE
Shailaya,8,3,0.5,sh,aya,TRUE,FALSE,FALSE
Shakshi,7,2,0.286,sh,shi,FALSE,TRUE,FALSE
Shakshia,8,2,0.375,sh,a,TRUE,FALSE,FALSE
Shakshiya,9,3,0.333,sh,iya,TRUE,FALSE,FALSE
Shalini,7,3,0.429,sh,ini,FALSE,TRUE,FALSE
Shalinia,8,3,0.5,sh,a,TRUE,FALSE,FALSE
Shaliniya,9,4,0.444,sh,iya,TRUE,FALSE,FALSE
Shanta,6,2,0.333,sh,ta,TRUE,FALSE,FALSE
Shantai,7,2,0.429,sh,i,FALSE,TRUE,FALSE
Shantaya,8,3,0.375,sh,aya,TRUE,FALSE,FALSE
Shanti,6,2,0.333,sh,ti,FALSE,TRUE,FALSE
Shantia,7,2,0.429,sh,a,TRUE,FALSE,FALSE
Shantiya,8,3,0.375,sh,iya,TRUE,FALSE,FALSE
Sharmila,8,3,0.375,sh,la,TRUE,FALSE,FALSE
Sharmilai,9,3,0.444,sh,i,FALSE,TRUE,FALSE
Sharmilaya,10,4,0.4,sh,aya,TRUE,FALSE,FALSE
Sheela,6,2,0.5,sh,la,TRUE,FALSE,FALSE
Sheelai,7,2,0.571,sh,i,FALSE,TRUE,FALSE
Sheelaya,8,3,0.5,sh,aya,TRUE,FALSE,FALSE
Shikha,6,2,0.333,sh,a,TRUE,FALSE,FALSE
Shikhai,7,2,0.429,sh,i,FALSE,TRUE,FALSE
Shikhaya,8,3,0.375,sh,aya,TRUE,FALSE,FALSE
Shinjini,8,3,0.375,sh,ini,FALSE,TRUE,FALSE
Shinjinia,9,3,0.444,sh,a,TRUE,FALSE,FALSE
Shinjiniya,10,4,0.4,sh,iya,TRUE,FALSE,FALSE
Shivani,7,3,0.429,sh,ani,FALSE,TRUE,FALSE
Shivania,8,3,0.5,sh,a,TRUE,FALSE,FALSE
Shivaniya,9,4,0.444,sh,iya,TRUE,FALSE,FALSE
Shki,4,1,0.25,sh,i,FALSE,TRUE,FALSE
Shmi,4,1,0.25,sh,mi,FALSE,TRUE,FALSE
Shna,4,1,0.25,sh,na,TRUE,FALSE,FALSE
Shobha,6,2,0.333,sh,a,TRUE,FALSE,FALSE
Shobhai,7,2,0.429,sh,i,FALSE,TRUE,FALSE
Shobhaya,8,3,0.375,sh,aya,TRUE,FALSE,FALSE
Shona,5,2,0.4,sh,na,TRUE,FALSE,FALSE
Shonai,6,2,0.5,sh,i,FALSE,TRUE,FALSE
Shonaya,7,3,0.429,sh,aya,TRUE,FALSE,FALSE
Shraddha,8,2,0.25,shr,a,TRUE,FALSE,FALSE
Shraddhai,9,2,0.333,shr,i,FALSE,TRUE,FALSE
Shraddhaya,10,3,0.3,shr,aya,TRUE,FALSE,FALSE
Shreya,6,2,0.333,shr,ya,TRUE,FALSE,FALSE
Shreyai,7,2,0.429,shr,i,FALSE,TRUE,FALSE
Shri,4,1,0.25,shr,ri,FALSE,TRUE,FALSE
Shriya,6,2,0.333,shr,iya,TRUE,FALSE,FALSE
Shriyai,7,2,0.429,shr,i,FALSE,TRUE,FALSE
Shruti,6,2,0.333,shr,ti,FALSE,TRUE,FALSE
Shrutia,7,2,0.429,shr,a,TRUE,FALSE,FALSE
Shrutiya,8,3,0.375,shr,iya,TRUE,FALSE,FALSE
Shsa,4,1,0.25,sh,sa,TRUE,FALSE,FALSE
Shta,4,1,0.25,sh,ta,TRUE,FALSE,FALSE
Shuchi,6,2,0.333,sh,i,FALSE,TRUE,FALSE
Shuchia,7,2,0.429,sh,a,TRUE,FALSE,FALSE
Shuchiya,8,3,0.375,sh,iya,TRUE,FALSE,FALSE
Shvi,4,1,0.25,sh,i,FALSE,TRUE,FALSE
Shya,4,1,0.25,sh,ya,TRUE,FALSE,FALSE
Shyla,5,1,0.2,sh,la,TRUE,FALSE,FALSE
Shylai,6,1,0.333,sh,i,FALSE,TRUE,FALSE
Shylaya,7,2,0.286,sh,aya,TRUE,FALSE,FALSE
Simran,6,2,0.333,s,n,FALSE,FALSE,FALSE
Simrana,7,3,0.429,s,na,TRUE,FALSE,FALSE
Simrani,7,3,0.429,s,ani,FALSE,TRUE,FALSE
Simranya,8,3,0.375,s,ya,TRUE,FALSE,FALSE
Sindhu,6,2,0.333,s,u,FALSE,FALSE,FALSE
Sindhua,7,2,0.429,s,a,TRUE,FALSE,FALSE
Sindhui,7,2,0.429,s,i,FALSE,TRUE,FALSE
Sindhuya,8,3,0.375,s,ya,TRUE,FALSE,FALSE
Siya,4,2,0.5,s,iya,TRUE,FALSE,FALSE
Siyai,5,2,0.6,s,i,FALSE,TRUE,FALSE
Smita,5,2,0.4,s,ita,TRUE,FALSE,FALSE
Smitai,6,2,0.5,s,i,FALSE,TRUE,FALSE
Smitaya,7,3,0.429,s,aya,TRUE,FALSE,FALSE
Sneha,5,2,0.4,s,a,TRUE,FALSE,FALSE
Snehai,6,2,0.5,s,i,FALSE,TRUE,FALSE
Snehaya,7,3,0.429,s,aya,TRUE,FALSE,FALSE
Sona,4,2,0.5,s,na,TRUE,FALSE,FALSE
Sonai,5,2,0.6,s,i,FALSE,TRUE,FALSE
Sonal,5,2,0.4,s,l,FALSE,FALSE,FALSE
Sonala,6,3,0.5,s,la,TRUE,FALSE,FALSE
Sonali,6,3,0.5,s,i,FALSE,TRUE,FALSE
Sonalia,7,3,0.571,s,a,TRUE,FALSE,FALSE
Sonaliya,8,4,0.5,s,iya,TRUE,FALSE,FALSE
Sonalya,7,3,0.429,s,ya,TRUE,FALSE,FALSE
Sonaya,6,3,0.5,s,aya,TRUE,FALSE,FALSE
Sonia,5,2,0.6,s,a,TRUE,FALSE,FALSE
Soniai,6,2,0.667,s,i,FALSE,TRUE,FALSE
Soniaya,7,3,0.571,s,aya,TRUE,FALSE,FALSE
Soumya,6,2,0.5,s,ya,TRUE,FALSE,FALSE
Soumyai,7,2,0.571,s,i,FALSE,TRUE,FALSE
Stuti,5,2,0.4,s,ti,FALSE,TRUE,FALSE
Stutia,6,2,0.5,s,a,TRUE,FALSE,FALSE
Stutiya,7,3,0.429,s,iya,TRUE,FALSE,FALSE
Subha,5,2,0.4,s,a,TRUE,FALSE,FALSE
Subhai,6,2,0.5,s,i,FALSE,TRUE,FALSE
Subhaya,7,3,0.429,s,aya,TRUE,FALSE,FALSE
Sudha,5,2,0.4,s,a,TRUE,FALSE,FALSE
Sudhai,6,2,0.5,s,i,FALSE,TRUE,FALSE
Sudhaya,7,3,0.429,s,aya,TRUE,FALSE,FALSE
Suhani,6,3,0.5,s,ani,FALSE,TRUE,FALSE
Suhania,7,3,0.571,s,a,TRUE,FALSE,FALSE
Suhaniya,8,4,0.5,s,iya,TRUE,FALSE,FALSE
Sujata,6,3,0.5,s,ta,TRUE,FALSE,FALSE
Sujatai,7,3,0.571,s,i,FALSE,TRUE,FALSE
Sujataya,8,4,0.5,s,aya,TRUE,FALSE,FALSE
Suki,4,2,0.5,s,i,FALSE,TRUE,FALSE
Sumi,4,2,0.5,s,mi,FALSE,TRUE,FALSE
Sumitra,7,3,0.429,s,tra,TRUE,FALSE,FALSE
Sumitrai,8,3,0.5,s,i,FALSE,TRUE,FALSE
Sumitraya,9,4,0.444,s,aya,TRUE,FALSE,FALSE
Suna,4,2,0.5,s,na,TRUE,FALSE,FALSE
Sunanda,7,3,0.429,s,a,TRUE,FALSE,FALSE
Sunandai,8,3,0.5,s,i,FALSE,TRUE,FALSE
Sunandaya,9,4,0.444,s,aya,TRUE,FALSE,FALSE
Sunita,6,3,0.5,s,ita,TRUE,FALSE,FALSE
Sunitai,7,3,0.571,s,i,FALSE,TRUE,FALSE
Sunitaya,8,4,0.5,s,aya,TRUE,FALSE,FALSE
Surabhi,7,3,0.429,s,i,FALSE,TRUE,FALSE
Surabhia,8,3,0.5,s,a,TRUE,FALSE,FALSE
Surabhiya,9,4,0.444,s,iya,TRUE,FALSE,FALSE
Surbhi,6,2,0.333,s,i,FALSE,TRUE,FALSE
Surbhia,7,2,0.429,s,a,TRUE,FALSE,FALSE
Surbhiya,8,3,0.375,s,iya,TRUE,FALSE,FALSE
Suri,4,2,0.5,s,ri,FALSE,TRUE,FALSE
Susa,4,2,0.5,s,sa,TRUE,FALSE,FALSE
Sushma,6,2,0.333,s,ma,TRUE,FALSE,FALSE
Sushmai,7,2,0.429,s,i,FALSE,TRUE,FALSE
Sushmaya,8,3,0.375,s,aya,TRUE,FALSE,FALSE
Suta,4,2,0.5,s,ta,TRUE,FALSE,FALSE
Suvi,4,2,0.5,s,i,FALSE,TRUE,FALSE
Suya,4,2,0.5,s,ya,TRUE,FALSE,FALSE
Swara,5,2,0.4,s,ra,TRUE,FALSE,FALSE
Swarai,6,2,0.5,s,i,FALSE,TRUE,FALSE
Swaraya,7,3,0.429,s,aya,TRUE,FALSE,FALSE
Swati,5,2,0.4,s,ti,FALSE,TRUE,FALSE
Swatia,6,2,0.5,s,a,TRUE,FALSE,FALSE
Swatiya,7,3,0.429,s,iya,TRUE,FALSE,FALSE
Sweta,5,2,0.4,s,ta,TRUE,FALSE,FALSE
Swetai,6,2,0.5,s,i,FALSE,TRUE,FALSE
Swetaya,7,3,0.429,s,aya,TRUE,FALSE,FALSE
Tanaya,6,3,0.5,t,aya,TRUE,FALSE,FALSE
Tanayai,7,3,0.571,t,i,FALSE,TRUE,FALSE
Tanika,6,3,0.5,t,ika,TRUE,FALSE,FALSE
Tanikai,7,3,0.571,t,i,FALSE,TRUE,FALSE
Tanikaya,8,4,0.5,t,aya,TRUE,FALSE,FALSE
Tanvi,5,2,0.4,t,i,FALSE,TRUE,FALSE
Tanvia,6,2,0.5,t,a,TRUE,FALSE,FALSE
Tanviya,7,3,0.429,t,iya,TRUE,FALSE,FALSE
Tarini,6,3,0.5,t,ini,FALSE,TRUE,FALSE
Tarinia,7,3,0.571,t,a,TRUE,FALSE,FALSE
Tariniya,8,4,0.5,t,iya,TRUE,FALSE,FALSE
Tejal,5,2,0.4,t,l,FALSE,FALSE,FALSE
Tejala,6,3,0.5,t,la,TRUE,FALSE,FALSE
Tejali,6,3,0.5,t,i,FALSE,TRUE,FALSE
Tejalya,7,3,0.429,t,ya,TRUE,FALSE,FALSE
